oc_id,mes,fecha_orden,proveedor_id,insumo,origen,moneda,critico,kg,precio_unitario_usd,valor_usd,trm_orden,trm_pago,costo_cop,diferencia_en_cambio_cop,lead_time_plan_dias,lead_time_real_dias,dias_atraso,a_tiempo
OC-202501-0001,2025-01,2025-01-06,MP-001,Proteína de suero WPC 80,Estados Unidos,USD,1,27462.6,8.56,235016.04,4410,4153,1036420738,-60399122,62,63,1,True
OC-202501-0002,2025-01,2025-01-12,MP-002,Proteína de suero aislada WPI,Irlanda,USD,1,10466.9,15.95,166899.9,4410,4153,736028548,-42893273,74,73,-1,True
OC-202501-0003,2025-01,2025-01-10,MP-003,Caseinato de calcio,Nueva Zelanda,USD,1,4724.1,11.32,53470.82,4410,4153,235806322,-13742001,68,69,1,True
OC-202501-0004,2025-01,2025-01-18,MP-004,Creatina monohidrato,Alemania,USD,1,3022.2,12.31,37189.39,4410,4153,164005200,-9557672,55,49,-6,True
OC-202501-0005,2025-01,2025-01-27,MP-007,Cafeína anhidra y taurina,China,USD,0,3592.6,8.1,29105.28,4410,4153,128354304,-7480058,82,82,0,True
OC-202501-0006,2025-01,2025-01-07,MP-008,Vitaminas y minerales premix,Suiza,EUR,1,4736.4,8.61,40771.75,4410,4153,179803436,-10478340,65,62,-3,True
OC-202501-0007,2025-01,2025-01-04,MP-009,Maltodextrina y carbohidratos,Colombia,COP,0,6644.2,1.91,0.0,4410,4410,49530395,0,12,6,-6,True
OC-202501-0008,2025-01,2025-01-19,MP-010,"Endulzantes (sucralosa, stevia)",Colombia,COP,0,7578.0,3.98,0.0,4410,4410,117650977,0,15,13,-2,True
OC-202501-0009,2025-01,2025-01-08,MP-012,"Envases, tarros y tapas",Colombia,COP,1,11012.4,4.82,0.0,4410,4410,207088093,0,22,24,2,True
OC-202501-0010,2025-01,2025-01-18,MP-013,Latas y tapas para RTD,Colombia,COP,1,8079.1,7.82,0.0,4410,4410,246497637,0,34,34,0,True
OC-202502-0011,2025-02,2025-02-07,MP-001,Proteína de suero WPC 80,Estados Unidos,USD,1,25073.0,8.55,214345.74,4292,4233,919971895,-12646398,62,70,8,False
OC-202502-0012,2025-02,2025-02-12,MP-002,Proteína de suero aislada WPI,Irlanda,USD,1,9155.9,14.74,134981.59,4292,4233,579340970,-7963913,74,79,5,True
OC-202502-0013,2025-02,2025-02-23,MP-003,Caseinato de calcio,Nueva Zelanda,USD,1,7050.7,10.89,76751.31,4292,4233,329416628,-4528327,68,75,7,False
OC-202502-0014,2025-02,2025-02-03,MP-004,Creatina monohidrato,Alemania,USD,1,3659.3,13.88,50803.07,4292,4233,218046793,-2997381,55,47,-8,True
OC-202502-0015,2025-02,2025-02-23,MP-007,Cafeína anhidra y taurina,China,USD,0,7769.4,5.52,42877.06,4292,4233,184028340,-2529746,82,92,10,False
OC-202502-0016,2025-02,2025-02-09,MP-008,Vitaminas y minerales premix,Suiza,EUR,1,4742.5,6.56,31109.71,4292,4233,133522887,-1835473,65,60,-5,True
OC-202502-0017,2025-02,2025-02-04,MP-011,Cacao y saborizantes,Colombia,COP,0,11592.4,5.35,0.0,4292,4292,241729392,0,18,14,-4,True
OC-202502-0018,2025-02,2025-02-09,MP-012,"Envases, tarros y tapas",Colombia,COP,1,8790.0,5.57,0.0,4292,4292,190850156,0,22,21,-1,True
OC-202502-0019,2025-02,2025-02-11,MP-013,Latas y tapas para RTD,Colombia,COP,1,4296.7,8.76,0.0,4292,4292,146874911,0,34,40,6,False
OC-202502-0020,2025-02,2025-02-10,MP-014,Empaque flexible y sachets,Colombia,COP,0,5451.8,1.94,0.0,4292,4292,41257769,0,20,11,-9,True
OC-202503-0021,2025-03,2025-03-16,MP-001,Proteína de suero WPC 80,Estados Unidos,USD,1,27253.6,7.64,208085.77,4153,4152,864180217,-208085,62,71,9,False
OC-202503-0022,2025-03,2025-03-06,MP-002,Proteína de suero aislada WPI,Irlanda,USD,1,9797.9,14.21,139204.95,4153,4152,578118144,-139204,74,73,-1,True
OC-202503-0023,2025-03,2025-03-13,MP-003,Caseinato de calcio,Nueva Zelanda,USD,1,4880.7,11.45,55871.88,4153,4152,232035914,-55871,68,66,-2,True
OC-202503-0024,2025-03,2025-03-17,MP-004,Creatina monohidrato,Alemania,USD,1,4119.1,13.76,56659.14,4153,4152,235305400,-56659,55,52,-3,True
OC-202503-0025,2025-03,2025-03-01,MP-007,Cafeína anhidra y taurina,China,USD,0,6977.6,5.73,39950.95,4153,4152,165916300,-39950,82,88,6,False
OC-202503-0026,2025-03,2025-03-24,MP-008,Vitaminas y minerales premix,Suiza,EUR,1,7516.5,5.55,41722.01,4153,4152,173271523,-41722,65,72,7,False
OC-202503-0027,2025-03,2025-03-19,MP-009,Maltodextrina y carbohidratos,Colombia,COP,0,9166.0,7.13,0.0,4153,4153,255022980,0,12,11,-1,True
OC-202503-0028,2025-03,2025-03-17,MP-010,"Endulzantes (sucralosa, stevia)",Colombia,COP,0,5720.3,5.5,0.0,4153,4153,122707628,0,15,21,6,False
OC-202503-0029,2025-03,2025-03-15,MP-012,"Envases, tarros y tapas",Colombia,COP,1,9899.4,8.07,0.0,4153,4153,311590307,0,22,34,12,False
OC-202503-0030,2025-03,2025-03-03,MP-013,Latas y tapas para RTD,Colombia,COP,1,7680.2,6.4,0.0,4153,4153,191566314,0,34,35,1,True
OC-202504-0031,2025-04,2025-04-04,MP-001,Proteína de suero WPC 80,Estados Unidos,USD,1,27893.6,8.23,229638.99,4233,4088,972061830,-33297653,62,62,0,True
OC-202504-0032,2025-04,2025-04-11,MP-002,Proteína de suero aislada WPI,Irlanda,USD,1,10334.8,14.95,154470.6,4233,4088,653874028,-22398236,74,77,3,True
OC-202504-0033,2025-04,2025-04-08,MP-003,Caseinato de calcio,Nueva Zelanda,USD,1,4457.0,11.72,52221.47,4233,4088,221053464,-7572112,68,67,-1,True
OC-202504-0034,2025-04,2025-04-22,MP-004,Creatina monohidrato,Alemania,USD,1,4378.7,14.41,63092.86,4233,4088,267072078,-9148464,55,70,15,False
OC-202504-0035,2025-04,2025-04-21,MP-005,Colágeno hidrolizado bovino,Brasil,USD,0,8117.7,1.65,13371.25,4233,4088,56600504,-1938831,38,35,-3,True
OC-202504-0036,2025-04,2025-04-26,MP-008,Vitaminas y minerales premix,Suiza,EUR,1,6647.7,3.3,21945.92,4233,4088,92897070,-3182158,65,64,-1,True
OC-202504-0037,2025-04,2025-04-11,MP-009,Maltodextrina y carbohidratos,Colombia,COP,0,9555.3,5.98,0.0,4233,4233,222724664,0,12,6,-6,True
OC-202504-0038,2025-04,2025-04-09,MP-010,"Endulzantes (sucralosa, stevia)",Colombia,COP,0,8643.9,3.16,0.0,4233,4233,106469879,0,15,14,-1,True
OC-202504-0039,2025-04,2025-04-17,MP-011,Cacao y saborizantes,Colombia,COP,0,6336.9,3.4,0.0,4233,4233,83906724,0,18,23,5,True
OC-202504-0040,2025-04,2025-04-22,MP-012,"Envases, tarros y tapas",Colombia,COP,1,6783.7,6.7,0.0,4233,4233,177287124,0,22,22,0,True
OC-202504-0041,2025-04,2025-04-26,MP-013,Latas y tapas para RTD,Colombia,COP,1,7011.1,3.9,0.0,4233,4233,106567018,0,34,40,6,False
OC-202505-0042,2025-05,2025-05-22,MP-001,Proteína de suero WPC 80,Estados Unidos,USD,1,29300.8,8.87,260009.32,4152,4021,1079558712,-34061221,62,67,5,True
OC-202505-0043,2025-05,2025-05-26,MP-002,Proteína de suero aislada WPI,Irlanda,USD,1,11718.2,15.68,183704.1,4152,4021,762739423,-24065237,74,82,8,False
OC-202505-0044,2025-05,2025-05-06,MP-003,Caseinato de calcio,Nueva Zelanda,USD,1,4598.0,10.49,48245.57,4152,4021,200315623,-6320170,68,72,4,True
OC-202505-0045,2025-05,2025-05-18,MP-004,Creatina monohidrato,Alemania,USD,1,2992.9,12.1,36210.82,4152,4021,150347343,-4743618,55,49,-6,True
OC-202505-0046,2025-05,2025-05-04,MP-008,Vitaminas y minerales premix,Suiza,EUR,1,4093.2,2.48,10137.16,4152,4021,42089470,-1327967,65,65,0,True
OC-202505-0047,2025-05,2025-05-03,MP-012,"Envases, tarros y tapas",Colombia,COP,1,2812.9,6.01,0.0,4152,4152,65897071,0,22,27,5,True
OC-202505-0048,2025-05,2025-05-04,MP-013,Latas y tapas para RTD,Colombia,COP,1,7434.8,8.84,0.0,4152,4152,256350123,0,34,44,10,False
OC-202505-0049,2025-05,2025-05-01,MP-014,Empaque flexible y sachets,Colombia,COP,0,7482.0,7.98,0.0,4152,4152,232711560,0,20,20,0,True
OC-202506-0050,2025-06,2025-06-04,MP-001,Proteína de suero WPC 80,Estados Unidos,USD,1,26519.7,8.49,225033.49,4088,4113,919936899,5625837,62,67,5,True
OC-202506-0051,2025-06,2025-06-15,MP-002,Proteína de suero aislada WPI,Irlanda,USD,1,10165.7,14.57,148084.52,4088,4113,605369505,3702112,74,81,7,False
OC-202506-0052,2025-06,2025-06-02,MP-003,Caseinato de calcio,Nueva Zelanda,USD,1,4048.9,12.38,50138.6,4088,4113,204966577,1253464,68,71,3,True
OC-202506-0053,2025-06,2025-06-09,MP-004,Creatina monohidrato,Alemania,USD,1,3200.5,15.03,48102.32,4088,4113,196642270,1202557,55,56,1,True
OC-202506-0054,2025-06,2025-06-10,MP-008,Vitaminas y minerales premix,Suiza,EUR,1,7517.4,4.6,34560.02,4088,4113,141281371,864000,65,63,-2,True
OC-202506-0055,2025-06,2025-06-08,MP-009,Maltodextrina y carbohidratos,Colombia,COP,0,12263.0,5.42,0.0,4088,4088,259330994,0,12,6,-6,True
OC-202506-0056,2025-06,2025-06-21,MP-010,"Endulzantes (sucralosa, stevia)",Colombia,COP,0,8632.1,1.57,0.0,4088,4088,52821361,0,15,19,4,True
OC-202506-0057,2025-06,2025-06-18,MP-012,"Envases, tarros y tapas",Colombia,COP,1,6575.9,1.46,0.0,4088,4088,37422550,0,22,21,-1,True
OC-202506-0058,2025-06,2025-06-26,MP-013,Latas y tapas para RTD,Colombia,COP,1,4825.0,2.73,0.0,4088,4088,51392025,0,34,43,9,False
OC-202506-0059,2025-06,2025-06-09,MP-014,Empaque flexible y sachets,Colombia,COP,0,6362.6,6.6,0.0,4088,4088,163692750,0,20,23,3,True
OC-202507-0060,2025-07,2025-07-06,MP-001,Proteína de suero WPC 80,Estados Unidos,USD,1,26161.5,7.84,205121.96,4021,4218,824795396,40409025,62,61,-1,True
OC-202507-0061,2025-07,2025-07-07,MP-002,Proteína de suero aislada WPI,Irlanda,USD,1,11482.0,12.62,144954.8,4021,4218,582863232,28556094,74,75,1,True
OC-202507-0062,2025-07,2025-07-11,MP-003,Caseinato de calcio,Nueva Zelanda,USD,1,3438.0,10.92,37546.94,4021,4218,150976254,7396747,68,70,2,True
OC-202507-0063,2025-07,2025-07-19,MP-004,Creatina monohidrato,Alemania,USD,1,2560.5,14.57,37319.15,4021,4218,150060296,7351872,55,57,2,True
OC-202507-0064,2025-07,2025-07-27,MP-005,Colágeno hidrolizado bovino,Brasil,USD,0,8107.8,1.5,12195.99,4021,4218,49040086,2402610,38,49,11,False
OC-202507-0065,2025-07,2025-07-14,MP-006,Proteína vegetal de arveja,Canadá,USD,0,3229.8,1.74,5631.73,4021,4218,22645192,1109451,58,58,0,True
OC-202507-0066,2025-07,2025-07-09,MP-007,Cafeína anhidra y taurina,China,USD,0,5378.8,2.02,10847.53,4021,4218,43617922,2136963,82,78,-4,True
OC-202507-0067,2025-07,2025-07-03,MP-008,Vitaminas y minerales premix,Suiza,EUR,1,7470.0,1.58,11787.21,4021,4218,47396370,2322080,65,72,7,False
OC-202507-0068,2025-07,2025-07-08,MP-009,Maltodextrina y carbohidratos,Colombia,COP,0,8487.4,3.8,0.0,4021,4021,125879268,0,12,12,0,True
OC-202507-0069,2025-07,2025-07-13,MP-010,"Endulzantes (sucralosa, stevia)",Colombia,COP,0,5381.4,8.48,0.0,4021,4021,178052724,0,15,15,0,True
OC-202507-0070,2025-07,2025-07-14,MP-012,"Envases, tarros y tapas",Colombia,COP,1,6120.1,8.2,0.0,4021,4021,195754424,0,22,15,-7,True
OC-202507-0071,2025-07,2025-07-16,MP-013,Latas y tapas para RTD,Colombia,COP,1,4175.1,6.36,0.0,4021,4021,103536566,0,34,36,2,True
OC-202507-0072,2025-07,2025-07-07,MP-014,Empaque flexible y sachets,Colombia,COP,0,8638.3,6.91,0.0,4021,4021,232955595,0,20,15,-5,True
OC-202508-0073,2025-08,2025-08-01,MP-001,Proteína de suero WPC 80,Estados Unidos,USD,1,25648.8,8.35,214076.69,4113,4157,880497418,9419374,62,56,-6,True
OC-202508-0074,2025-08,2025-08-07,MP-002,Proteína de suero aislada WPI,Irlanda,USD,1,9925.2,15.43,153164.83,4113,4157,629966929,6739252,74,82,8,False
OC-202508-0075,2025-08,2025-08-07,MP-003,Caseinato de calcio,Nueva Zelanda,USD,1,4605.5,11.09,51055.66,4113,4157,209991931,2246449,68,70,2,True
OC-202508-0076,2025-08,2025-08-26,MP-004,Creatina monohidrato,Alemania,USD,1,3856.0,13.99,53944.74,4113,4157,221874731,2373568,55,55,0,True
OC-202508-0077,2025-08,2025-08-12,MP-006,Proteína vegetal de arveja,Canadá,USD,0,6187.0,6.2,38351.34,4113,4157,157739041,1687458,58,52,-6,True
OC-202508-0078,2025-08,2025-08-13,MP-007,Cafeína anhidra y taurina,China,USD,0,6437.9,6.59,42418.71,4113,4157,174468137,1866423,82,86,4,True
OC-202508-0079,2025-08,2025-08-19,MP-008,Vitaminas y minerales premix,Suiza,EUR,1,3506.7,4.99,17514.97,4113,4157,72039054,770658,65,71,6,False
OC-202508-0080,2025-08,2025-08-23,MP-009,Maltodextrina y carbohidratos,Colombia,COP,0,7226.7,4.49,0.0,4113,4113,126517278,0,12,12,0,True
OC-202508-0081,2025-08,2025-08-09,MP-010,"Endulzantes (sucralosa, stevia)",Colombia,COP,0,6116.5,2.66,0.0,4113,4113,63482078,0,15,12,-3,True
OC-202508-0082,2025-08,2025-08-18,MP-011,Cacao y saborizantes,Colombia,COP,0,7697.9,5.7,0.0,4113,4113,170992674,0,18,19,1,True
OC-202508-0083,2025-08,2025-08-16,MP-012,"Envases, tarros y tapas",Colombia,COP,1,6523.5,4.13,0.0,4113,4113,105008754,0,22,29,7,False
OC-202508-0084,2025-08,2025-08-16,MP-013,Latas y tapas para RTD,Colombia,COP,1,5112.2,8.46,0.0,4113,4113,168770858,0,34,51,17,False
OC-202509-0085,2025-09,2025-09-02,MP-001,Proteína de suero WPC 80,Estados Unidos,USD,1,26989.3,9.44,254717.97,4218,4109,1074400409,-27764259,62,61,-1,True
OC-202509-0086,2025-09,2025-09-20,MP-002,Proteína de suero aislada WPI,Irlanda,USD,1,10559.3,13.36,141089.35,4218,4109,595114870,-15378738,74,71,-3,True
OC-202509-0087,2025-09,2025-09-23,MP-003,Caseinato de calcio,Nueva Zelanda,USD,1,5230.1,11.22,58701.94,4218,4109,247604769,-6398511,68,62,-6,True
OC-202509-0088,2025-09,2025-09-01,MP-004,Creatina monohidrato,Alemania,USD,1,1794.8,13.53,24281.87,4218,4109,102420940,-2646724,55,49,-6,True
OC-202509-0089,2025-09,2025-09-19,MP-005,Colágeno hidrolizado bovino,Brasil,USD,0,9294.9,5.04,46865.71,4218,4109,197679544,-5108361,38,38,0,True
OC-202509-0090,2025-09,2025-09-04,MP-006,Proteína vegetal de arveja,Canadá,USD,0,8266.0,4.23,34938.13,4218,4109,147369019,-3808255,58,57,-1,True
OC-202509-0091,2025-09,2025-09-01,MP-008,Vitaminas y minerales premix,Suiza,EUR,1,9236.9,7.06,65228.63,4218,4109,275134376,-7109921,65,65,0,True
OC-202509-0092,2025-09,2025-09-11,MP-010,"Endulzantes (sucralosa, stevia)",Colombia,COP,0,3820.1,7.87,0.0,4218,4218,117243231,0,15,20,5,True
OC-202509-0093,2025-09,2025-09-08,MP-012,"Envases, tarros y tapas",Colombia,COP,1,4188.8,4.73,0.0,4218,4218,77264947,0,22,14,-8,True
OC-202509-0094,2025-09,2025-09-15,MP-013,Latas y tapas para RTD,Colombia,COP,1,11173.0,2.55,0.0,4218,4218,111097099,0,34,40,6,False
OC-202509-0095,2025-09,2025-09-07,MP-014,Empaque flexible y sachets,Colombia,COP,0,7894.9,5.3,0.0,4218,4218,163132376,0,20,26,6,False
OC-202510-0096,2025-10,2025-10-19,MP-001,Proteína de suero WPC 80,Estados Unidos,USD,1,25971.9,8.62,223770.39,4157,4037,930213529,-26852447,62,67,5,True
OC-202510-0097,2025-10,2025-10-13,MP-002,Proteína de suero aislada WPI,Irlanda,USD,1,9229.0,14.18,130823.67,4157,4037,543833978,-15698839,74,79,5,True
OC-202510-0098,2025-10,2025-10-26,MP-003,Caseinato de calcio,Nueva Zelanda,USD,1,3444.6,9.34,32164.21,4157,4037,133706641,-3859705,68,59,-9,True
OC-202510-0099,2025-10,2025-10-14,MP-004,Creatina monohidrato,Alemania,USD,1,2927.1,12.14,35544.96,4157,4037,147760401,-4265395,55,46,-9,True
OC-202510-0100,2025-10,2025-10-02,MP-006,Proteína vegetal de arveja,Canadá,USD,0,9918.6,8.64,85662.27,4157,4037,356098050,-10279472,58,54,-4,True
OC-202510-0101,2025-10,2025-10-09,MP-007,Cafeína anhidra y taurina,China,USD,0,8938.5,2.05,18339.84,4157,4037,76238695,-2200780,82,90,8,False
OC-202510-0102,2025-10,2025-10-25,MP-008,Vitaminas y minerales premix,Suiza,EUR,1,4054.3,4.75,19255.16,4157,4037,80043697,-2310619,65,66,1,True
OC-202510-0103,2025-10,2025-10-19,MP-011,Cacao y saborizantes,Colombia,COP,0,5634.8,1.78,0.0,4157,4157,39048645,0,18,17,-1,True
OC-202510-0104,2025-10,2025-10-19,MP-012,"Envases, tarros y tapas",Colombia,COP,1,300.0,8.0,0.0,4157,4157,9355808,0,22,18,-4,True
OC-202510-0105,2025-10,2025-10-09,MP-013,Latas y tapas para RTD,Colombia,COP,1,3974.9,6.73,0.0,4157,4157,104394786,0,34,39,5,True
OC-202510-0106,2025-10,2025-10-16,MP-014,Empaque flexible y sachets,Colombia,COP,0,7152.4,3.21,0.0,4157,4157,89442870,0,20,19,-1,True
OC-202511-0107,2025-11,2025-11-17,MP-001,Proteína de suero WPC 80,Estados Unidos,USD,1,24152.8,8.79,212306.38,4109,3997,872366918,-23778314,62,67,5,True
OC-202511-0108,2025-11,2025-11-15,MP-002,Proteína de suero aislada WPI,Irlanda,USD,1,9693.9,13.89,134615.14,4109,3997,553133609,-15076895,74,77,3,True
OC-202511-0109,2025-11,2025-11-23,MP-003,Caseinato de calcio,Nueva Zelanda,USD,1,6879.2,12.06,82954.5,4109,3997,340860035,-9290903,68,68,0,True
OC-202511-0110,2025-11,2025-11-15,MP-004,Creatina monohidrato,Alemania,USD,1,3330.3,12.28,40896.61,4109,3997,168044156,-4580419,55,58,3,True
OC-202511-0111,2025-11,2025-11-24,MP-005,Colágeno hidrolizado bovino,Brasil,USD,0,10305.4,7.95,81942.91,4109,3997,336703412,-9177605,38,34,-4,True
OC-202511-0112,2025-11,2025-11-24,MP-006,Proteína vegetal de arveja,Canadá,USD,0,4264.3,3.87,16511.89,4109,3997,67847351,-1849331,58,49,-9,True
OC-202511-0113,2025-11,2025-11-04,MP-008,Vitaminas y minerales premix,Suiza,EUR,1,2759.4,7.61,20988.98,4109,3997,86243733,-2350766,65,65,0,True
OC-202511-0114,2025-11,2025-11-15,MP-010,"Endulzantes (sucralosa, stevia)",Colombia,COP,0,8460.3,7.03,0.0,4109,4109,232086389,0,15,10,-5,True
OC-202511-0115,2025-11,2025-11-10,MP-012,"Envases, tarros y tapas",Colombia,COP,1,2813.4,2.23,0.0,4109,4109,24511547,0,22,20,-2,True
OC-202511-0116,2025-11,2025-11-16,MP-013,Latas y tapas para RTD,Colombia,COP,1,6782.5,5.15,0.0,4109,4109,136099227,0,34,31,-3,True
OC-202512-0117,2025-12,2025-12-11,MP-001,Proteína de suero WPC 80,Estados Unidos,USD,1,33296.6,8.91,296582.24,4037,4078,1197302512,12159871,62,59,-3,True
OC-202512-0118,2025-12,2025-12-27,MP-002,Proteína de suero aislada WPI,Irlanda,USD,1,11680.7,16.15,188619.28,4037,4078,761456023,7733390,74,84,10,False
OC-202512-0119,2025-12,2025-12-27,MP-003,Caseinato de calcio,Nueva Zelanda,USD,1,3261.5,11.3,36861.7,4037,4078,148810668,1511329,68,67,-1,True
OC-202512-0120,2025-12,2025-12-23,MP-004,Creatina monohidrato,Alemania,USD,1,3372.5,13.3,44854.74,4037,4078,181078599,1839044,55,59,4,True
OC-202512-0121,2025-12,2025-12-01,MP-006,Proteína vegetal de arveja,Canadá,USD,0,7198.2,1.76,12633.95,4037,4078,51003275,517992,58,65,7,False
OC-202512-0122,2025-12,2025-12-05,MP-007,Cafeína anhidra y taurina,China,USD,0,6952.5,3.58,24867.89,4037,4078,100391660,1019583,82,73,-9,True
OC-202512-0123,2025-12,2025-12-15,MP-008,Vitaminas y minerales premix,Suiza,EUR,1,9190.9,7.51,69002.54,4037,4078,278563256,2829104,65,62,-3,True
OC-202512-0124,2025-12,2025-12-25,MP-011,Cacao y saborizantes,Colombia,COP,0,5179.3,7.7,0.0,4037,4037,155517729,0,18,18,0,True
OC-202512-0125,2025-12,2025-12-11,MP-012,"Envases, tarros y tapas",Colombia,COP,1,4189.2,1.63,0.0,4037,4037,26628605,0,22,17,-5,True
OC-202512-0126,2025-12,2025-12-09,MP-013,Latas y tapas para RTD,Colombia,COP,1,9313.4,5.27,0.0,4037,4037,191503802,0,34,40,6,False
OC-202601-0127,2026-01,2026-01-19,MP-001,Proteína de suero WPC 80,Estados Unidos,USD,1,29354.4,8.53,250447.79,3997,4143,1001039809,36565377,62,69,7,False
OC-202601-0128,2026-01,2026-01-11,MP-002,Proteína de suero aislada WPI,Irlanda,USD,1,9704.7,13.24,128533.93,3997,4143,513750098,18765953,74,67,-7,True
OC-202601-0129,2026-01,2026-01-07,MP-003,Caseinato de calcio,Nueva Zelanda,USD,1,5687.7,11.02,62694.5,3997,4143,250589897,9153396,68,67,-1,True
OC-202601-0130,2026-01,2026-01-18,MP-004,Creatina monohidrato,Alemania,USD,1,3387.9,14.46,48999.53,3997,4143,195851121,7153931,55,53,-2,True
OC-202601-0131,2026-01,2026-01-13,MP-005,Colágeno hidrolizado bovino,Brasil,USD,0,8638.6,2.72,23455.63,3997,4143,93752173,3424522,38,30,-8,True
OC-202601-0132,2026-01,2026-01-11,MP-008,Vitaminas y minerales premix,Suiza,EUR,1,3680.1,4.8,17667.84,3997,4143,70618372,2579505,65,65,0,True
OC-202601-0133,2026-01,2026-01-07,MP-012,"Envases, tarros y tapas",Colombia,COP,1,6752.2,4.63,0.0,3997,3997,121919731,0,22,22,0,True
OC-202601-0134,2026-01,2026-01-11,MP-013,Latas y tapas para RTD,Colombia,COP,1,6483.8,2.38,0.0,3997,3997,60213732,0,34,36,2,True
OC-202601-0135,2026-01,2026-01-17,MP-014,Empaque flexible y sachets,Colombia,COP,0,7880.5,2.35,0.0,3997,3997,72249030,0,20,22,2,True
OC-202602-0136,2026-02,2026-02-27,MP-001,Proteína de suero WPC 80,Estados Unidos,USD,1,26306.1,9.27,243920.13,4078,4072,994706282,-1463520,62,72,10,False
OC-202602-0137,2026-02,2026-02-01,MP-002,Proteína de suero aislada WPI,Irlanda,USD,1,9103.8,14.52,132210.01,4078,4072,539152401,-793260,74,66,-8,True
OC-202602-0138,2026-02,2026-02-23,MP-003,Caseinato de calcio,Nueva Zelanda,USD,1,6018.2,11.99,72171.13,4078,4072,294313867,-433026,68,75,7,False
OC-202602-0139,2026-02,2026-02-24,MP-004,Creatina monohidrato,Alemania,USD,1,3184.1,11.84,37701.17,4078,4072,153745370,-226207,55,51,-4,True
OC-202602-0140,2026-02,2026-02-21,MP-007,Cafeína anhidra y taurina,China,USD,0,4593.8,8.9,40876.48,4078,4072,166694295,-245258,82,89,7,False
OC-202602-0141,2026-02,2026-02-27,MP-008,Vitaminas y minerales premix,Suiza,EUR,1,9967.6,7.64,76189.14,4078,4072,310699298,-457134,65,65,0,True
OC-202602-0142,2026-02,2026-02-04,MP-012,"Envases, tarros y tapas",Colombia,COP,1,9006.4,2.2,0.0,4078,4078,77318174,0,22,27,5,True
OC-202602-0143,2026-02,2026-02-05,MP-013,Latas y tapas para RTD,Colombia,COP,1,3070.8,6.0,0.0,4078,4078,71808428,0,34,36,2,True
OC-202602-0144,2026-02,2026-02-12,MP-014,Empaque flexible y sachets,Colombia,COP,0,7859.5,7.64,0.0,4078,4078,234227994,0,20,17,-3,True
OC-202603-0145,2026-03,2026-03-15,MP-001,Proteína de suero WPC 80,Estados Unidos,USD,1,23293.0,8.25,192092.01,4143,4030,795837186,-21706396,62,65,3,True
OC-202603-0146,2026-03,2026-03-25,MP-002,Proteína de suero aislada WPI,Irlanda,USD,1,7570.6,13.54,102472.16,4143,4030,424542140,-11579353,74,76,2,True
OC-202603-0147,2026-03,2026-03-07,MP-003,Caseinato de calcio,Nueva Zelanda,USD,1,3837.5,10.7,41066.83,4143,4030,170139881,-4640551,68,66,-2,True
OC-202603-0148,2026-03,2026-03-07,MP-004,Creatina monohidrato,Alemania,USD,1,2807.3,12.57,35293.26,4143,4030,146219987,-3988138,55,46,-9,True
OC-202603-0149,2026-03,2026-03-14,MP-006,Proteína vegetal de arveja,Canadá,USD,0,9081.6,8.47,76918.02,4143,4030,318671371,-8691736,58,63,5,True
OC-202603-0150,2026-03,2026-03-20,MP-008,Vitaminas y minerales premix,Suiza,EUR,1,9056.2,7.58,68635.94,4143,4030,284358679,-7755860,65,68,3,True
OC-202603-0151,2026-03,2026-03-13,MP-009,Maltodextrina y carbohidratos,Colombia,COP,0,4580.5,6.37,0.0,4143,4143,113774403,0,12,7,-5,True
OC-202603-0152,2026-03,2026-03-21,MP-011,Cacao y saborizantes,Colombia,COP,0,9253.8,5.79,0.0,4143,4143,208871466,0,18,22,4,True
OC-202603-0153,2026-03,2026-03-18,MP-012,"Envases, tarros y tapas",Colombia,COP,1,8986.6,4.38,0.0,4143,4143,153434808,0,22,13,-9,True
OC-202603-0154,2026-03,2026-03-21,MP-013,Latas y tapas para RTD,Colombia,COP,1,8727.7,2.49,0.0,4143,4143,84782544,0,34,37,3,True
OC-202603-0155,2026-03,2026-03-04,MP-014,Empaque flexible y sachets,Colombia,COP,0,1489.5,1.81,0.0,4143,4143,10486718,0,20,28,8,False
OC-202604-0156,2026-04,2026-04-02,MP-001,Proteína de suero WPC 80,Estados Unidos,USD,1,28587.7,8.48,242519.3,4072,3954,987538607,-28617277,62,68,6,False
OC-202604-0157,2026-04,2026-04-01,MP-002,Proteína de suero aislada WPI,Irlanda,USD,1,10672.9,12.04,128456.84,4072,3954,523076241,-15157906,74,74,0,True
OC-202604-0158,2026-04,2026-04-11,MP-003,Caseinato de calcio,Nueva Zelanda,USD,1,2874.0,11.07,31806.46,4072,3954,129515886,-3753161,68,63,-5,True
OC-202604-0159,2026-04,2026-04-08,MP-004,Creatina monohidrato,Alemania,USD,1,3496.8,13.81,48294.57,4072,3954,196655484,-5698759,55,55,0,True
OC-202604-0160,2026-04,2026-04-25,MP-007,Cafeína anhidra y taurina,China,USD,0,10435.6,8.87,92552.19,4072,3954,376872512,-10921158,82,94,12,False
OC-202604-0161,2026-04,2026-04-11,MP-008,Vitaminas y minerales premix,Suiza,EUR,1,8001.5,6.79,54351.34,4072,3954,221318643,-6413457,65,65,0,True
OC-202604-0162,2026-04,2026-04-01,MP-010,"Endulzantes (sucralosa, stevia)",Colombia,COP,0,9288.1,8.57,0.0,4072,4072,310314537,0,15,9,-6,True
OC-202604-0163,2026-04,2026-04-06,MP-011,Cacao y saborizantes,Colombia,COP,0,8929.4,6.07,0.0,4072,4072,211431821,0,18,12,-6,True
OC-202604-0164,2026-04,2026-04-15,MP-012,"Envases, tarros y tapas",Colombia,COP,1,5590.8,2.02,0.0,4072,4072,44128779,0,22,32,10,False
OC-202604-0165,2026-04,2026-04-13,MP-013,Latas y tapas para RTD,Colombia,COP,1,6528.9,5.7,0.0,4072,4072,145245768,0,34,47,13,False
OC-202604-0166,2026-04,2026-04-21,MP-014,Empaque flexible y sachets,Colombia,COP,0,8325.7,2.47,0.0,4072,4072,80115376,0,20,28,8,False
OC-202605-0167,2026-05,2026-05-13,MP-001,Proteína de suero WPC 80,Estados Unidos,USD,1,25937.3,9.03,234271.71,4030,3877,944114986,-35843571,62,62,0,True
OC-202605-0168,2026-05,2026-05-04,MP-002,Proteína de suero aislada WPI,Irlanda,USD,1,7080.3,14.7,104062.68,4030,3877,419372580,-15921589,74,76,2,True
OC-202605-0169,2026-05,2026-05-23,MP-003,Caseinato de calcio,Nueva Zelanda,USD,1,3872.6,11.25,43562.11,4030,3877,175555294,-6665002,68,68,0,True
OC-202605-0170,2026-05,2026-05-01,MP-004,Creatina monohidrato,Alemania,USD,1,4204.2,12.67,53264.86,4030,3877,214657375,-8149523,55,49,-6,True
OC-202605-0171,2026-05,2026-05-23,MP-005,Colágeno hidrolizado bovino,Brasil,USD,0,10013.8,1.74,17428.1,4030,3877,70235252,-2666499,38,35,-3,True
OC-202605-0172,2026-05,2026-05-03,MP-006,Proteína vegetal de arveja,Canadá,USD,0,8291.6,7.7,63837.06,4030,3877,257263343,-9767069,58,66,8,False
OC-202605-0173,2026-05,2026-05-21,MP-007,Cafeína anhidra y taurina,China,USD,0,7876.9,7.03,55340.95,4030,3877,223024039,-8467165,82,97,15,False
OC-202605-0174,2026-05,2026-05-05,MP-008,Vitaminas y minerales premix,Suiza,EUR,1,6327.9,8.31,52566.15,4030,3877,211841596,-8042621,65,69,4,True
OC-202605-0175,2026-05,2026-05-21,MP-011,Cacao y saborizantes,Colombia,COP,0,6322.7,1.71,0.0,4030,4030,42210543,0,18,14,-4,True
OC-202605-0176,2026-05,2026-05-21,MP-012,"Envases, tarros y tapas",Colombia,COP,1,10492.9,5.43,0.0,4030,4030,222186690,0,22,28,6,False
OC-202605-0177,2026-05,2026-05-26,MP-013,Latas y tapas para RTD,Colombia,COP,1,7368.3,7.27,0.0,4030,4030,209039753,0,34,37,3,True
OC-202605-0178,2026-05,2026-05-20,MP-014,Empaque flexible y sachets,Colombia,COP,0,6557.8,6.27,0.0,4030,4030,160257785,0,20,11,-9,True
OC-202606-0179,2026-06,2026-06-19,MP-001,Proteína de suero WPC 80,Estados Unidos,USD,1,23585.7,8.7,205244.4,3954,3954,811536348,0,62,64,2,True
OC-202606-0180,2026-06,2026-06-19,MP-002,Proteína de suero aislada WPI,Irlanda,USD,1,10910.1,11.61,126720.02,3954,3954,501050946,0,74,66,-8,True
OC-202606-0181,2026-06,2026-06-14,MP-003,Caseinato de calcio,Nueva Zelanda,USD,1,4405.6,11.34,49955.3,3954,3954,197523249,0,68,73,5,True
OC-202606-0182,2026-06,2026-06-15,MP-004,Creatina monohidrato,Alemania,USD,1,2460.0,11.78,28966.94,3954,3954,114535298,0,55,46,-9,True
OC-202606-0183,2026-06,2026-06-19,MP-005,Colágeno hidrolizado bovino,Brasil,USD,0,10665.9,3.7,39466.29,3954,3954,156049722,0,38,42,4,True
OC-202606-0184,2026-06,2026-06-22,MP-007,Cafeína anhidra y taurina,China,USD,0,5271.3,2.16,11402.41,3954,3954,45085125,0,82,83,1,True
OC-202606-0185,2026-06,2026-06-25,MP-008,Vitaminas y minerales premix,Suiza,EUR,1,10484.1,6.42,67343.57,3954,3954,266276492,0,65,58,-7,True
OC-202606-0186,2026-06,2026-06-15,MP-012,"Envases, tarros y tapas",Colombia,COP,1,5496.2,6.9,0.0,3954,3954,147954618,0,22,25,3,True
OC-202606-0187,2026-06,2026-06-18,MP-013,Latas y tapas para RTD,Colombia,COP,1,3834.0,5.05,0.0,3954,3954,75565870,0,34,30,-4,True
OC-202606-0188,2026-06,2026-06-24,MP-014,Empaque flexible y sachets,Colombia,COP,0,5499.1,6.8,0.0,3954,3954,145872402,0,20,25,5,True
OC-202607-0189,2026-07,2026-07-19,MP-001,Proteína de suero WPC 80,Estados Unidos,USD,1,27705.3,8.58,237804.11,3877,3954,921966538,18310916,62,71,9,False
OC-202607-0190,2026-07,2026-07-14,MP-002,Proteína de suero aislada WPI,Irlanda,USD,1,9227.1,13.29,122668.77,3877,3954,475586809,9445495,74,72,-2,True
OC-202607-0191,2026-07,2026-07-24,MP-003,Caseinato de calcio,Nueva Zelanda,USD,1,4558.0,11.02,50241.07,3877,3954,194784615,3868562,68,68,0,True
OC-202607-0192,2026-07,2026-07-12,MP-004,Creatina monohidrato,Alemania,USD,1,3084.2,13.76,42429.93,3877,3954,164500819,3267104,55,59,4,True
OC-202607-0193,2026-07,2026-07-16,MP-008,Vitaminas y minerales premix,Suiza,EUR,1,6614.8,2.76,18287.55,3877,3954,70900843,1408141,65,58,-7,True
OC-202607-0194,2026-07,2026-07-19,MP-009,Maltodextrina y carbohidratos,Colombia,COP,0,5393.1,2.25,0.0,3877,3877,47422510,0,12,6,-6,True
OC-202607-0195,2026-07,2026-07-17,MP-011,Cacao y saborizantes,Colombia,COP,0,8288.9,2.02,0.0,3877,3877,65341623,0,18,20,2,True
OC-202607-0196,2026-07,2026-07-11,MP-012,"Envases, tarros y tapas",Colombia,COP,1,8487.2,1.41,0.0,3877,3877,46735617,0,22,22,0,True
OC-202607-0197,2026-07,2026-07-05,MP-013,Latas y tapas para RTD,Colombia,COP,1,13467.0,4.38,0.0,3877,3877,230153666,0,34,36,2,True
OC-202607-0198,2026-07,2026-07-26,MP-014,Empaque flexible y sachets,Colombia,COP,0,8743.9,2.93,0.0,3877,3877,99996418,0,20,27,7,False
OC-202608-0199,2026-08,2026-08-08,MP-001,Proteína de suero WPC 80,Estados Unidos,USD,1,23771.8,8.92,211992.56,3954,3954,838218579,0,62,65,3,True
OC-202608-0200,2026-08,2026-08-26,MP-002,Proteína de suero aislada WPI,Irlanda,USD,1,12073.1,14.67,177149.74,3954,3954,700450075,0,74,73,-1,True
OC-202608-0201,2026-08,2026-08-01,MP-003,Caseinato de calcio,Nueva Zelanda,USD,1,4460.1,9.4,41917.53,3954,3954,165741897,0,68,65,-3,True
OC-202608-0202,2026-08,2026-08-24,MP-004,Creatina monohidrato,Alemania,USD,1,3295.4,12.41,40901.35,3954,3954,161723933,0,55,69,14,False
OC-202608-0203,2026-08,2026-08-18,MP-006,Proteína vegetal de arveja,Canadá,USD,0,2170.5,1.6,3480.36,3954,3954,13761358,0,58,59,1,True
OC-202608-0204,2026-08,2026-08-24,MP-007,Cafeína anhidra y taurina,China,USD,0,8854.2,3.48,30782.27,3954,3954,121713109,0,82,81,-1,True
OC-202608-0205,2026-08,2026-08-06,MP-008,Vitaminas y minerales premix,Suiza,EUR,1,8914.2,5.8,51703.15,3954,3954,204434256,0,65,60,-5,True
OC-202608-0206,2026-08,2026-08-18,MP-009,Maltodextrina y carbohidratos,Colombia,COP,0,5985.4,2.58,0.0,3954,3954,60123673,0,12,7,-5,True
OC-202608-0207,2026-08,2026-08-08,MP-010,"Endulzantes (sucralosa, stevia)",Colombia,COP,0,4836.4,7.48,0.0,3954,3954,141025612,0,15,18,3,True
OC-202608-0208,2026-08,2026-08-09,MP-012,"Envases, tarros y tapas",Colombia,COP,1,2069.8,5.58,0.0,3954,3954,45009462,0,22,19,-3,True
OC-202608-0209,2026-08,2026-08-27,MP-013,Latas y tapas para RTD,Colombia,COP,1,6599.8,3.39,0.0,3954,3954,87202775,0,34,43,9,False
OC-202608-0210,2026-08,2026-08-08,MP-014,Empaque flexible y sachets,Colombia,COP,0,8231.3,6.64,0.0,3954,3954,213283426,0,20,30,10,False
